# phoneme_costs.tsv - data-driven substitution costs for PhonemeMatcher (S6-MATCHER, M-1).
# Source: ipa/out.confusion_empirical/substitution_matrix.tsv (M2E E-3, 872 sub pairs with count_nod>0;
# p_sub cross-checked against out.confusion_empirical/cost_matrix_v1.tsv, 0 mismatches).
# Direction (WO D2): row (heard,target) = cost of matching heard token h against template token t,
#   i.e. the edit script heard->target; template token t realized as heard token h costs cost(h,t).
#   Out-of-table substitutions cost 1.0 (equal weight); identity (h==t) costs 0.
# Normalization (WO D2, cost in [0.1,1]): p_sub = P(heard|target), per-target-column share of
#   count_nod (voice_dialect excluded); cost = clamp(0.1 + 0.9*(-ln p_sub)/(-ln p_min), 0.1, 1.0)
#   with p_min=0.001057 (weakest observed pair -> 1.0 = equal weight; strongest p=1.0000 -> 0.1 floor).
# Insertion/deletion is NOT in this table: flat 0.6 x baseline (WO D3 v0 constant).
# heard_token	target_token	cost
n	ŋ	0.1777
n	ɪ	0.1996
n	ʊ	0.2047
i	ɪ	0.2553
n	ɛ	0.2042
s	ʂ	0.2375
n	ə	0.1988
i	j	0.2368
n	ɨ	0.1711
n	a	0.2346
u	a	0.2641
a	ə	0.2793
a	n	0.2076
n	ɔ	0.2168
a	ɛ	0.2901
i	ʂ	0.3116
i	ɛ	0.4286
n	l	0.2224
e	j	0.2756
ɡ	ʊ	0.3959
u	w	0.3334
a	ŋ	0.4330
n	y	0.2126
u	ʊ	0.3611
a	e	0.2017
ɑ	ʈʂ	0.3314
h	ʈʂ	0.3177
s	ɕ	0.1673
o	w	0.3609
i	ŋ	0.4166
n	ɑ	0.1671
a	ɪ	0.5060
ɑ	a	0.3689
ɑ	ɛ	0.5351
a	w	0.3981
ɑ	j	0.4279
ts	ʈʂ	0.3446
f	w	0.4054
i	tɕ	0.2806
i	y	0.2681
i	e	0.2913
m	ŋ	0.4494
n	ʈʂ	0.4317
i	ʈʂ	0.4482
a	ɔ	0.3508
a	ʊ	0.4830
i	a	0.4534
f	x	0.2812
h	j	0.5254
a	ʂ	0.4894
b	p	0.2222
i	ɨ	0.3934
n	u	0.2109
s	tɕ	0.3266
ts	w	0.4777
i	l	0.3633
a	j	0.4636
i	n	0.4563
e	ɛ	0.4616
ɜ	ɔ	0.3646
ɜ	ɪ	0.4915
j	ɪ	0.5772
m	n	0.4031
i	ə	0.4624
e	w	0.4692
h	w	0.5687
i	t	0.3416
j	ŋ	0.5240
a	i	0.4721
n	tɕ	0.4134
n	w	0.4574
ɑ	ʂ	0.5230
ts	tɕ	0.3909
s	w	0.5184
d	t	0.4049
u	ə	0.5241
i	w	0.5126
ɑ	w	0.5184
a	y	0.4728
a	tɕ	0.5220
ɕ	tɕ	0.4459
a	ɯ	0.3114
ʃ	ʂ	0.4734
a	o	0.3213
a	ɑ	0.3068
n	ɯ	0.3058
a	t	0.4252
n	ɤ	0.1048
t	tɕ	0.4568
a	u	0.4024
l	ʐ	0.3445
x	f	0.2391
y	ʂ	0.4697
ɜ	n	0.4660
i	ɯ	0.2809
n	x	0.4326
u	x	0.3472
n	ʂ	0.5683
ŋ	n	0.4660
j	i	0.3076
n	j	0.5129
u	o	0.3610
a	l	0.4446
l	ʊ	0.5234
n	e	0.4848
n	ʐ	0.3922
s	ʈʂ	0.4831
ə	ʂ	0.5608
i	ʊ	0.5344
s	ɔ	0.4486
u	ŋ	0.6075
h	tɕ	0.4965
s	ɨ	0.4759
m	l	0.4116
ɜ	ɨ	0.4680
a	ɨ	0.6048
i	ɕ	0.3643
u	e	0.4063
d	l	0.5026
l	w	0.5377
a	s	0.3602
i	ɥ	0.3037
s	t	0.4582
n	o	0.3271
o	ʈʂ	0.5153
k	tɕ	0.6866
t	ʈʂ	0.5685
ɡ	k	0.2966
h	x	0.3723
tʃ	ʈʂ	0.4775
ɑ	ʊ	0.5905
ə	w	0.5980
ɜ	ŋ	0.6406
ɡ	ə	0.6822
e	ʂ	0.6140
h	t	0.5162
i	ʐ	0.4195
n	i	0.3173
n	t	0.4491
s	o	0.4978
ɡ	ŋ	0.6503
a	ɕ	0.5647
n	m	0.2731
p	t	0.4491
ʃ	ɕ	0.4204
a	ʐ	0.3922
i	o	0.3962
o	ʂ	0.5763
u	ɔ	0.4712
w	x	0.4704
l	j	0.6039
t	l	0.5356
ts	ŋ	0.6230
ɑ	o	0.3774
e	ɪ	0.7886
j	ʐ	0.5450
l	ŋ	0.6722
n	ɾ	0.3138
ɕ	ʂ	0.5286
i	ɾ	0.2918
n	k	0.3373
n	ɜ	0.1691
u	ɛ	0.6501
ɑ	ɪ	0.7886
a	ʈʂ	0.6063
d	j	0.7075
n	f	0.3940
n	s	0.3777
n	ː	0.3943
ɡ	f	0.3646
o	ʊ	0.6198
ɑ	t	0.4181
ɜ	ə	0.6151
ɜ	ʊ	0.6438
ʉ	y	0.3993
i	s	0.3309
s	j	0.5925
s	ʊ	0.6093
t	ɪ	0.6736
u	ɪ	0.7444
ɑ	ə	0.6026
ɜ	ɛ	0.6261
a	x	0.4440
h	ɪ	0.7444
s	ŋ	0.7141
s	ɪ	0.6851
ts	ɪ	0.7647
u	ʈʂ	0.5925
e	ə	0.6444
e	ɥ	0.3239
h	ʂ	0.6518
j	y	0.6171
j	ʊ	0.6312
k	x	0.6147
ɑ	ʐ	0.4414
n	ɥ	0.3772
tʃ	tɕ	0.6131
u	ʂ	0.6035
ɑ	ɔ	0.6239
d	ɛ	0.8082
k	t	0.4898
s	a	0.6489
ŋ	a	0.6020
d	n	0.4660
i	m	0.3574
k	j	0.6303
l	ɛ	0.6501
m	ɛ	0.6969
s	n	0.6209
t	ŋ	0.6722
ɡ	ʐ	0.5008
e	n	0.5915
h	a	0.6691
i	ɑ	0.4935
l	ɪ	0.7886
o	ə	0.6620
t	j	0.7075
u	l	0.6469
ɕ	ɔ	0.5204
ə	ʊ	0.6438
a	d	0.3556
a	k	0.3967
e	a	0.8134
e	ɨ	0.6958
f	e	0.6555
j	ː	0.3171
m	ʊ	0.6576
s	i	0.4721
s	ts	0.1188
ts	t	0.6605
tɕ	t	0.5934
a	ː	0.4236
dʒ	ʐ	0.4195
e	ŋ	0.8429
j	m	0.4245
j	ɛ	0.7704
n	ɕ	0.5647
o	l	0.5181
o	ɔ	0.5467
s	ə	0.7355
t	w	0.7423
tɕ	j	0.7075
w	ɥ	0.4389
ɡ	ʂ	0.6518
ʉ	ɨ	0.5377
b	t	0.5162
e	tɕ	0.7244
f	χ	0.1330
m	j	0.7075
t	s	0.6333
ts	ʐ	0.4678
u	j	0.6633
u	ɯ	0.5411
ə	ɨ	0.6958
ɡ	w	0.6688
j	n	0.5915
k	ɪ	0.9090
l	a	0.7224
l	n	0.5143
m	ə	0.7355
n	d	0.3023
s	ɯ	0.5411
s	ɾ	0.5377
s	ʐ	0.4414
y	ʈʂ	0.6393
ə	ŋ	0.9872
ɚ	ɨ	0.5845
ɜ	y	0.6548
ɡ	a	0.6489
ʃ	o	0.4445
a	m	0.4245
dʒ	tɕ	0.8687
e	ʈʂ	0.6393
h	ɕ	0.5940
h	ʊ	0.7348
l	u	0.4163
o	a	0.6930
o	x	0.5034
t	e	0.7998
t	i	0.5099
tɕ	e	0.6177
u	i	0.5632
u	y	0.5638
w	t	0.6605
x	ʊ	0.7641
ɑ	u	0.5606
ɑ	ɥ	0.5060
ə	a	0.6930
ɹ	l	0.7002
a	p	0.4485
d	ə	0.9176
i	u	0.5228
i	ː	0.3704
j	a	0.9044
j	u	0.5606
j	w	0.7801
k	ɛ	0.7411
l	tɕ	0.7776
m	i	0.5632
m	ɕ	0.6851
m	ɪ	0.7886
s	ː	0.3704
tʃ	j	0.7368
u	n	0.6209
u	ˈ	0.2379
w	u	0.6138
ŋ	ʊ	0.7109
ɡ	s	0.4219
a	ɚ	0.2443
a	ɾ	0.5377
d	e	0.6555
d	w	0.7130
e	x	0.6147
f	ʂ	0.9404
h	m	0.5688
h	v	0.1533
i	x	0.6147
j	o	0.5217
k	w	0.7130
l	ɔ	0.7443
m	p	0.4485
o	ŋ	0.7758
o	ɛ	0.7172
o	ɪ	0.7886
s	x	0.5476
t	p	0.5156
t	ɛ	0.8082
u	m	0.5688
u	tɕ	0.6131
w	ʊ	0.9462
x	w	0.7801
z	ʂ	0.9404
ŋ	ː	0.5147
ɑ	ŋ	0.7758
ə	ɛ	0.7704
ʃ	tɕ	0.7244
a	f	0.5228
b	j	0.9189
d	ɪ	1.0000
dʒ	ŋ	0.8429
dʒ	ɪ	0.9090
dʒ	ʈʂ	0.6393
e	l	0.7002
f	ɯ	0.7232
h	ə	0.8265
i	p	0.4245
j	ʂ	0.7051
k	ŋ	0.8051
l	o	0.7331
l	t	0.7137
m	t	0.5934
m	ɯ	0.7232
n	p	0.6599
n	θ	0.1000
o	ʐ	0.6653
s	m	0.5688
tɕ	ŋ	0.7518
tɕ	ɪ	0.9090
w	k	0.5080
w	m	0.4245
x	t	0.5492
x	tɕ	0.7244
ŋ	i	0.4189
ŋ	ɪ	0.8557
ŋ	ɯ	0.5411
ə	ɪ	1.0000
ə	ʈʂ	0.8039
ɡ	ɪ	0.9090
1	ɔ	0.6910
d	a	0.9044
d	tɕ	0.8687
f	t	0.7137
f	ɔ	0.7443
f	ə	0.7733
h	f	0.5760
j	tɕ	0.7244
j	ɕ	0.7761
j	ʈʂ	0.8039
m	u	0.5606
m	ʈʂ	0.6835
o	u	0.5606
t	d	0.4466
u	d	0.3934
v	f	0.6671
w	ɪ	1.0000
ɑ	e	0.7087
ɑ	f	0.5760
ɔ	ʊ	0.7348
ə	j	0.7368
ə	k	0.4702
ɜ	w	0.7423
ʉ	ə	0.7355
a	ɥ	0.5592
b	ɪ	0.8557
d	s	0.5423
d	ː	0.4614
e	t	0.6605
e	ɑ	0.7491
e	ʐ	0.5743
f	ɪ	0.8557
h	i	0.4721
i	k	0.5612
i	ɔ	0.8353
j	ə	0.8265
k	l	0.6469
l	ɾ	0.4844
m	e	0.6177
n	ˈ	0.3492
o	e	0.7087
o	i	0.5632
p	l	0.6469
p	w	0.7801
s	f	0.4850
s	p	0.4778
t	a	0.8134
t	n	0.7119
t	ɕ	0.6851
ts	j	0.8278
ts	s	0.5423
ts	ˈ	0.3492
tɕ	a	0.7601
tɕ	ʈʂ	0.8949
tɕ	ˈ	0.4024
tʃ	ɪ	0.8557
w	l	0.6469
w	ɔ	0.7443
x	k	0.5080
y	ɨ	0.6048
ŋ	ɛ	0.8615
ɑ	i	0.6542
ɑ	l	0.6469
ɑ	m	0.5156
ɑ	n	0.7119
ɑ	ɾ	0.5377
ɕ	t	0.8048
ɕ	ŋ	0.8051
ɜ	a	0.7601
ɡ	l	0.6469
ʃ	ə	0.6822
ʉ	a	0.9044
2	ŋ	0.8429
a	ɜ	0.4149
b	l	0.6469
d	u	0.6138
h	p	0.5156
h	ɾ	0.4844
i	f	0.4850
j	l	0.7002
j	s	0.4512
j	t	0.7137
j	ɯ	0.6322
j	ɾ	0.6287
k	m	0.5156
l	e	0.7087
l	s	0.6333
l	y	0.7081
m	a	0.8134
m	tɕ	0.7244
m	w	0.7801
m	ʂ	0.7961
n	ɹ	0.2443
o	ɯ	0.6322
p	a	0.9044
s	k	0.5080
s	ʃ	0.1000
t	u	0.7049
t	x	0.7590
t	ɔ	0.7443
t	ə	0.7733
ts	ɛ	0.8615
u	f	0.4850
u	ɚ	0.2976
u	ʌ	0.1735
x	ɪ	0.9090
y	ɛ	0.7704
ŋ	x	0.5476
ə	i	0.5632
ə	ʐ	0.6121
ɜ	e	0.7998
ɡ	x	0.6679
ɡ	ʈʂ	0.8039
ʃ	w	0.8334
ʉ	ʊ	0.9462
2	ɜ	0.3617
b	u	0.7049
b	w	0.9244
d	i	0.6542
d	ŋ	0.8961
e	b	0.3886
e	ʊ	0.8551
f	o	0.6421
f	p	0.5156
h	d	0.3934
h	n	0.6586
h	ŋ	0.8961
i	ˈ	0.4935
j	ʌ	0.3556
k	i	0.5099
k	n	0.8029
k	u	0.7049
k	ʂ	0.9404
l	x	0.6679
l	ə	0.8265
l	ɯ	0.6322
l	ʂ	0.9404
m	k	0.5080
n	dʑ	0.1910
o	ː	0.5147
p	k	0.5612
p	u	0.7049
s	d	0.3934
s	e	0.6555
s	h	0.1910
s	ˈ	0.4935
t	k	0.5080
t	ɑ	0.7491
t	ɨ	0.7491
t	ɯ	0.7232
t	ɾ	0.4466
t	ʂ	0.9404
ts	e	0.6555
ts	ɥ	0.6503
ts	ʂ	0.8494
tʃ	w	0.8334
u	k	0.6523
u	ɕ	0.6318
u	ɨ	0.6580
u	ʐ	0.6121
x	j	0.8278
x	ŋ	0.8961
x	ʂ	0.7583
y	tɕ	0.7776
z	ʈʂ	0.8949
ŋ	s	0.5423
ŋ	tɕ	0.7776
ŋ	u	0.5606
ŋ	ɕ	0.7761
ɑ	s	0.5423
ɔ	a	0.7601
ɔ	tɕ	0.7776
ɔ	ə	0.7355
ə	o	0.6421
ɡ	i	0.6542
ɡ	t	0.7137
ɹ	n	0.6209
ɹ	t	0.6227
ɹ	w	0.7801
ɹ	ŋ	0.8429
ɹ	ə	0.8265
ɹ	ɨ	0.6580
ɹ	ɪ	1.0000
ɹ	ʊ	0.8551
ʃ	ɥ	0.4682
ʃ	ɪ	0.9090
ʉ	ŋ	0.8961
ʉ	ɛ	0.9525
ʉ	ɯ	0.5789
2	x	0.6679
b	s	0.5423
dʒ	b	0.3886
dʒ	j	0.8278
dʒ	t	0.7137
e	m	0.6599
e	y	0.6548
f	u	0.6138
f	ŋ	0.9872
h	ɑ	0.6580
h	χ	0.3886
i	b	0.3886
i	d	0.5377
i	v	0.3886
j	f	0.5760
j	ɑ	0.6048
j	ɨ	0.7491
k	p	0.5688
k	ɕ	0.7761
l	d	0.5377
l	k	0.6523
l	ɕ	0.7761
m	s	0.6333
m	ʐ	0.6653
n	ɸ	0.1910
n	ʌ	0.3556
o	f	0.6671
p	f	0.6671
p	ə	0.8265
s	u	0.6138
t	b	0.2976
t	f	0.6671
t	ː	0.5147
ts	l	0.7912
ts	ɕ	0.6851
ts	ɨ	0.7491
tɕ	ɥ	0.6503
tʃ	a	0.9044
tʃ	ɕ	0.6851
u	s	0.4890
u	t	0.8048
u	ɾ	0.4844
v	p	0.6599
v	w	0.8334
w	tɕ	0.8687
w	ŋ	0.9872
x	ɾ	0.5377
y	k	0.6523
y	ŋ	0.8961
y	ɥ	0.6503
z	ŋ	0.9872
æ	ɛ	0.8082
ħ	x	0.7590
ŋ	ʂ	0.8494
ɑ	d	0.5377
ɑ	p	0.6599
ɑ	ɯ	0.7232
ɑ	ː	0.5147
ɕ	i	0.6542
ɕ	ɥ	0.5592
ɕ	ɪ	1.0000
ə	y	0.7991
ə	ɑ	0.6580
ə	ɥ	0.5592
ɜ	i	0.6542
ɜ	k	0.6523
ɹ	e	0.7998
ɹ	y	0.6548
ɹ	ɔ	0.7443
ɹ	ʐ	0.6653
ʃ	l	0.7002
ʃ	m	0.5156
ʃ	s	0.5423
ʃ	ŋ	0.8961
ʃ	ɔ	0.7443
ʃ	ɨ	0.8401
ʃ	ɯ	0.7232
ʃ	ɾ	0.6287
ʃ	ʐ	0.6653
ʉ	ɔ	0.6910
ʔ	a	0.8134
ʔ	ə	0.9176
1	ɛ	0.8615
1	ɨ	0.8401
b	ɑ	0.6580
b	ɾ	0.6287
d	k	0.6523
d	m	0.6599
d	ɾ	0.6287
dʒ	a	0.9044
dʒ	ɥ	0.6503
e	ɯ	0.6322
e	ɹ	0.1533
f	a	0.9044
f	k	0.5612
h	o	0.7331
h	s	0.6333
h	u	0.7049
h	ʐ	0.7564
h	ː	0.6057
k	f	0.6671
k	ɑ	0.7491
k	ə	0.9176
k	ʈʂ	0.8949
k	ʐ	0.7564
l	p	0.6599
l	ɑ	0.7491
l	ʈʂ	0.8949
m	o	0.7331
m	ɔ	0.8353
n	ɡ	0.2821
o	s	0.6333
o	t	0.8048
o	tɕ	0.7776
o	ɑ	0.7491
o	ɕ	0.7761
p	j	0.9189
p	m	0.6599
p	ʈʂ	0.8949
s	ɑ	0.6580
s	ɥ	0.5592
t	m	0.6599
t	ʐ	0.7564
t	ˈ	0.4024
ts	ə	0.9176
tɕ	x	0.7590
tɕ	ʐ	0.6653
tʃ	o	0.6421
tʃ	s	0.6333
tʃ	ɥ	0.5592
u	dʑ	0.2821
u	ç	0.1000
u	ː	0.6057
v	x	0.7590
w	ɑ	0.7491
w	ɛ	0.9525
w	ʈʂ	0.8039
w	ː	0.5147
x	a	0.9044
x	ɛ	0.8615
x	ʈʂ	0.8949
y	m	0.6599
y	u	0.7049
ħ	f	0.5760
ħ	i	0.6542
ħ	p	0.6599
ħ	ɛ	0.9525
ŋ	t	0.8048
ɑ	k	0.6523
ɔ	t	0.8048
ɔ	u	0.7049
ɔ	w	0.8334
ɔ	ɚ	0.3886
ɔ	ɛ	0.9525
ɕ	a	0.9044
ɕ	s	0.6333
ɕ	ɑ	0.7491
ɕ	ɾ	0.5377
ə	f	0.6671
ə	s	0.6333
ə	t	0.8048
ə	x	0.7590
ə	ɯ	0.7232
ɜ	l	0.7912
ɜ	ɑ	0.7491
ɜ	ɯ	0.7232
ɜ	ɾ	0.6287
ɜ	ʂ	0.8494
ɡ	u	0.7049
ɹ	ɛ	0.9525
ɹ	ɯ	0.7232
ɹ	ɾ	0.5377
ʃ	j	0.9189
ʔ	n	0.8029
2	ɯ	0.7232
a	dʑ	0.2821
a	v	0.3886
b	v	0.3886
b	y	0.7991
b	ɯ	0.7232
d	ɡ	0.2821
d	ɯ	0.7232
dʒ	ɨ	0.8401
dʒ	ʂ	0.9404
dʒ	ʊ	0.9462
e	d	0.5377
e	f	0.6671
e	k	0.6523
e	o	0.7331
e	p	0.6599
e	u	0.7049
e	ɚ	0.3886
f	b	0.3886
f	l	0.7912
f	n	0.8029
f	y	0.7991
f	ɡ	0.2821
f	ɸ	0.3353
f	ʈʂ	0.8949
f	ʊ	0.9462
h	e	0.7998
h	y	0.7991
h	ɔ	0.8353
h	ɚ	0.3886
h	ɨ	0.8401
h	ɯ	0.7232
i	ts	0.4557
i	ʌ	0.3556
j	b	0.3886
j	ɜ	0.5060
j	ɥ	0.6503
k	o	0.7331
k	ɯ	0.7232
k	ʊ	0.9462
l	z	0.1910
m	f	0.6671
m	ɜ	0.5060
m	ɥ	0.6503
o	d	0.5377
o	n	0.8029
p	b	0.3886
p	ɾ	0.6287
p	ʂ	0.9404
p	χ	0.3886
q	l	0.7912
q	ʈʂ	0.8949
s	z	0.1910
t	o	0.7331
t	ɥ	0.6503
t	ɸ	0.3353
ts	d	0.5377
ts	i	0.6542
ts	m	0.6599
ts	u	0.7049
ts	ɡ	0.2821
tɕ	h	0.2821
tɕ	k	0.6523
tɕ	m	0.6599
tɕ	p	0.6599
tɕ	w	0.9244
tɕ	y	0.7991
tɕ	ɯ	0.7232
tɕ	ɾ	0.6287
tʃ	m	0.6599
tʃ	ə	0.9176
tʃ	ˈ	0.4935
u	ɜ	0.5060
v	e	0.7998
w	j	0.9189
w	o	0.7331
w	p	0.6599
w	ʐ	0.7564
x	n	0.8029
x	ts	0.4557
x	y	0.7991
x	ɚ	0.3886
x	ɯ	0.7232
y	s	0.6333
y	ɑ	0.7491
y	ɔ	0.8353
y	ə	0.9176
y	ɯ	0.7232
z	tɕ	0.8687
æ	ʂ	0.9404
ð	j	0.9189
ð	l	0.7912
ð	t	0.8048
ð	tɕ	0.8687
ð	ɛ	0.9525
ø	l	0.7912
ø	y	0.7991
ħ	k	0.6523
ħ	t	0.8048
ħ	w	0.9244
ħ	ɔ	0.8353
ŋ	b	0.3886
ŋ	e	0.7998
ŋ	ɜ	0.5060
ŋ	ɥ	0.6503
ɔ	i	0.6542
ɔ	ɤ	0.5377
ɕ	p	0.6599
ɕ	u	0.7049
ɕ	x	0.7590
ɕ	ɛ	0.9525
ɕ	ʊ	0.9462
ə	m	0.6599
ə	ː	0.6057
ɚ	ʈʂ	0.8949
ɜ	ɸ	0.3353
ɜ	ʈʂ	0.8949
ɡ	d	0.5377
ɡ	p	0.6599
ɡ	ɕ	0.7761
ɡ	ː	0.6057
ɨ	n	0.8029
ɹ	a	0.9044
ɹ	h	0.2821
ɹ	i	0.6542
ɹ	j	0.9189
ɹ	p	0.6599
ɹ	x	0.7590
ɹ	ɥ	0.6503
ʃ	p	0.6599
ʃ	t	0.8048
ʃ	ʊ	0.9462
ʉ	j	0.9189
ʉ	o	0.7331
ʉ	ɥ	0.6503
ʉ	ʈʂ	0.8949
ʐ	w	0.9244
χ	a	0.9044
χ	tɕ	0.8687
χ	ŋ	0.9872
ᵻ	ɨ	0.8401
